"Segment","Position","NT.ID","NT.REF","NT.ALT","Quality.score","INDEL","Read.depth","Frequency","Strand.bias","Percent","INDEL.type","INDEL.frameshift","Type","Gene","AA.ID","AA.Position","AA.REF","AA.ALT"
"MN908947.3",241,"241-C-T","C","T",49314,FALSE,6611,0.997277,3,99.7277,"None",FALSE,"Noncoding","None","Noncoding C241T",NA,NA,NA
"MN908947.3",418,"418-TG-T","TG","T",779,TRUE,11509,0.009732,3,0.9732,"Deletion",TRUE,"Nonsynonymous","NSP1","NSP1 G52A",52,"G","A"
"MN908947.3",689,"689-T-C","T","C",133,FALSE,6194,0.011301,25,1.1301,"None",FALSE,"Nonsynonymous","NSP1","NSP1 S142P",142,"S","P"
"MN908947.3",733,"733-T-C","T","C",33871,FALSE,1133,0.908208,14,90.8208,"None",FALSE,"Synonymous","NSP1","NSP1 T733C",NA,NA,NA
"MN908947.3",829,"829-C-T","C","T",1347,FALSE,1222,0.072831,13,7.2831,"None",FALSE,"Synonymous","NSP2","NSP2 C829T",NA,NA,NA
"MN908947.3",910,"910-G-C","G","C",83,FALSE,1405,0.011388,0,1.1388,"None",FALSE,"Nonsynonymous","NSP2","NSP2 L35F",35,"L","F"
"MN908947.3",913,"913-C-T","C","T",1727,FALSE,1384,0.080202,0,8.0202,"None",FALSE,"Synonymous","NSP2","NSP2 C913T",NA,NA,NA
"MN908947.3",1027,"1027-T-C","T","C",103,FALSE,9896,0.007983,0,0.7983,"None",FALSE,"Synonymous","NSP2","NSP2 T1027C",NA,NA,NA
"MN908947.3",1031,"1031-GA-G","GA","G",1263,TRUE,13774,0.009583,0,0.9583,"Deletion",TRUE,"Nonsynonymous","NSP2","NSP2 I77L",77,"I","L"
"MN908947.3",1075,"1075-T-C","T","C",104,FALSE,11992,0.00542,0,0.542,"None",FALSE,"Synonymous","NSP2","NSP2 T1075C",NA,NA,NA
"MN908947.3",1644,"1644-A-G","A","G",332,FALSE,25225,0.007968,126,0.7968,"None",FALSE,"Nonsynonymous","NSP2","NSP2 N280S",280,"N","S"
"MN908947.3",1778,"1778-T-C","T","C",942,FALSE,30745,0.007904,3,0.7904,"None",FALSE,"Nonsynonymous","NSP2","NSP2 S325P",325,"S","P"
"MN908947.3",1870,"1870-AT-A","AT","A",1604,TRUE,30243,0.00744,6,0.744,"Deletion",TRUE,"Nonsynonymous","NSP2","NSP2 F356L",356,"F","L"
"MN908947.3",1912,"1912-C-T","C","T",49314,FALSE,31177,0.913622,0,91.3622,"None",FALSE,"Synonymous","NSP2","NSP2 C1912T",NA,NA,NA
"MN908947.3",2230,"2230-T-C","T","C",210,FALSE,4044,0.011622,3,1.1622,"None",FALSE,"Synonymous","NSP2","NSP2 T2230C",NA,NA,NA
"MN908947.3",2256,"2256-T-C","T","C",82,FALSE,35,0.285714,2,28.5714,"None",FALSE,"Nonsynonymous","NSP2","NSP2 I484T",484,"I","T"
"MN908947.3",3020,"3020-CAT-C","CAT","C",125,TRUE,2091,0.006695,1,0.6695,"Deletion",TRUE,"Nonsynonymous","NSP3","NSP3 M102V",102,"M","V"
"MN908947.3",3029,"3029-T-C","T","C",74,FALSE,2076,0.011561,4,1.1561,"None",FALSE,"Nonsynonymous","NSP3","NSP3 C104R",104,"C","R"
"MN908947.3",3037,"3037-C-T","C","T",49314,FALSE,1823,0.997806,0,99.7806,"None",FALSE,"Synonymous","NSP3","NSP3 C3037T",NA,NA,NA
"MN908947.3",3083,"3083-G-T","G","T",76,FALSE,2434,0.00986,0,0.986,"None",FALSE,"Nonsynonymous","NSP3","NSP3 E122*",122,"E","*"
"MN908947.3",3101,"3101-C-A","C","A",99,FALSE,2903,0.013779,0,1.3779,"None",FALSE,"Nonsynonymous","NSP3","NSP3 Q128K",128,"Q","K"
"MN908947.3",3267,"3267-C-T","C","T",380,FALSE,298,0.077181,5,7.7181,"None",FALSE,"Nonsynonymous","NSP3","NSP3 T183I",183,"T","I"
"MN908947.3",3828,"3828-C-T","C","T",16057,FALSE,530,0.903774,0,90.3774,"None",FALSE,"Nonsynonymous","NSP3","NSP3 S370L",370,"S","L"
"MN908947.3",3866,"3866-C-CA","C","CA",133,TRUE,837,0.011947,0,1.1947,"Insertion",TRUE,"Nonsynonymous","NSP3","NSP3 I385D",385,"I","D"
"MN908947.3",4012,"4012-C-T","C","T",74,FALSE,682,0.016129,11,1.6129,"None",FALSE,"Synonymous","NSP3","NSP3 C4012T",NA,NA,NA
"MN908947.3",4258,"4258-TC-T","TC","T",2941,TRUE,26513,0.010335,16,1.0335,"Deletion",TRUE,"Nonsynonymous","NSP3","NSP3 Q514R",514,"Q","R"
"MN908947.3",4279,"4279-T-G","T","G",511,FALSE,22453,0.008774,6,0.8774,"None",FALSE,"Synonymous","NSP3","NSP3 T4279G",NA,NA,NA
"MN908947.3",4323,"4323-T-C","T","C",84,FALSE,20869,0.008386,4,0.8386,"None",FALSE,"Nonsynonymous","NSP3","NSP3 F535S",535,"F","S"
"MN908947.3",4407,"4407-A-C","A","C",69,FALSE,517,0.048356,37,4.8356,"None",FALSE,"Nonsynonymous","NSP3","NSP3 H563P",563,"H","P"
"MN908947.3",4836,"4836-GTA-G","GTA","G",96,TRUE,1411,0.006378,5,0.6378,"Deletion",TRUE,"Nonsynonymous","NSP3","NSP3 I707R",707,"I","R"
"MN908947.3",4863,"4863-A-G","A","G",108,FALSE,1590,0.013208,1,1.3208,"None",FALSE,"Nonsynonymous","NSP3","NSP3 K715R",715,"K","R"
"MN908947.3",5587,"5587-T-C","T","C",837,FALSE,1781,0.048287,2,4.8287,"None",FALSE,"Synonymous","NSP3","NSP3 T5587C",NA,NA,NA
"MN908947.3",5648,"5648-A-C","A","C",49314,FALSE,4310,0.898144,1,89.8144,"None",FALSE,"Nonsynonymous","NSP3","NSP3 K977Q",977,"K","Q"
"MN908947.3",5986,"5986-C-T","C","T",81,FALSE,14,0.214286,4,21.4286,"None",FALSE,"Synonymous","NSP3","NSP3 C5986T",NA,NA,NA
"MN908947.3",6319,"6319-A-G","A","G",28408,FALSE,1033,0.869313,3,86.9313,"None",FALSE,"Synonymous","NSP3","NSP3 A6319G",NA,NA,NA
"MN908947.3",6516,"6516-T-TA","T","TA",126,TRUE,2865,0.008377,14,0.8377,"Insertion",TRUE,"Nonsynonymous","NSP3","NSP3 I1268N",1268,"I","N"
"MN908947.3",6537,"6537-G-A","G","A",88,FALSE,2706,0.013673,4,1.3673,"None",FALSE,"Nonsynonymous","NSP3","NSP3 G1273D",1273,"G","D"
"MN908947.3",6613,"6613-A-G","A","G",49314,FALSE,3801,0.880032,2,88.0032,"None",FALSE,"Synonymous","NSP3","NSP3 A6613G",NA,NA,NA
"MN908947.3",6634,"6634-T-C","T","C",8130,FALSE,4006,0.114329,2,11.4329,"None",FALSE,"Synonymous","NSP3","NSP3 T6634C",NA,NA,NA
"MN908947.3",6763,"6763-TA-T","TA","T",330,TRUE,3812,0.007608,0,0.7608,"Deletion",TRUE,"Nonsynonymous","NSP3","NSP3 N1349I",1349,"N","I"
"MN908947.3",7312,"7312-G-GT","G","GT",354,TRUE,3202,0.011243,3,1.1243,"Insertion",TRUE,"Nonsynonymous","NSP3","NSP3 S1534Q",1534,"S","Q"
"MN908947.3",8048,"8048-G-A","G","A",998,FALSE,13915,0.015738,1,1.5738,"None",FALSE,"Nonsynonymous","NSP3","NSP3 V1777I",1777,"V","I"
"MN908947.3",8277,"8277-A-G","A","G",1570,FALSE,7912,0.022624,8,2.2624,"None",FALSE,"Nonsynonymous","NSP3","NSP3 N1853S",1853,"N","S"
"MN908947.3",8809,"8809-C-T","C","T",81,FALSE,14,0.214286,0,21.4286,"None",FALSE,"Synonymous","NSP4","NSP4 C8809T",NA,NA,NA
"MN908947.3",9138,"9138-A-ATTG","A","ATTG",169,TRUE,4138,0.007733,18,0.7733,"Insertion",FALSE,"Nonsynonymous","NSP4","NSP4 G196C",196,"G","C"
"MN908947.3",9183,"9183-T-C","T","C",88,FALSE,3922,0.010964,1,1.0964,"None",FALSE,"Nonsynonymous","NSP4","NSP4 V210A",210,"V","A"
"MN908947.3",9635,"9635-GCA-G","GCA","G",62,TRUE,8049,0.006585,6,0.6585,"Deletion",TRUE,"Nonsynonymous","NSP4","NSP4 H362Y",362,"H","Y"
"MN908947.3",9678,"9678-T-G","T","G",256,FALSE,6784,0.009729,0,0.9729,"None",FALSE,"Nonsynonymous","NSP4","NSP4 F375C",375,"F","C"
"MN908947.3",9720,"9720-A-AT","A","AT",324,TRUE,8042,0.00485,0,0.485,"Insertion",TRUE,"Nonsynonymous","NSP4","NSP4 Y391L",391,"Y","L"
"MN908947.3",9730,"9730-G-T","G","T",259,FALSE,7857,0.0098,13,0.98,"None",FALSE,"Nonsynonymous","NSP4","NSP4 W392C",392,"W","C"
"MN908947.3",9982,"9982-T-C","T","C",80,FALSE,2867,0.009766,0,0.9766,"None",FALSE,"Synonymous","NSP4","NSP4 T9982C",NA,NA,NA
"MN908947.3",10610,"10610-G-T","G","T",20370,FALSE,805,0.874534,0,87.4534,"None",FALSE,"Nonsynonymous","NSP5","NSP5 V186F",186,"V","F"
"MN908947.3",10736,"10736-A-G","A","G",215,FALSE,7520,0.009441,5,0.9441,"None",FALSE,"Nonsynonymous","NSP5","NSP5 N228D",228,"N","D"
"MN908947.3",10933,"10933-T-C","T","C",102,FALSE,8579,0.007577,0,0.7577,"None",FALSE,"Synonymous","NSP5","NSP5 T10933C",NA,NA,NA
"MN908947.3",11083,"11083-G-T","G","T",478,FALSE,10549,0.018864,5,1.8864,"None",FALSE,"Nonsynonymous","NSP6","NSP6 L37F",37,"L","F"
"MN908947.3",11129,"11129-T-C","T","C",642,FALSE,11542,0.013602,1,1.3602,"None",FALSE,"Nonsynonymous","NSP6","NSP6 S53P",53,"S","P"
"MN908947.3",11172,"11172-T-C","T","C",210,FALSE,8416,0.010694,2,1.0694,"None",FALSE,"Nonsynonymous","NSP6","NSP6 L67P",67,"L","P"
"MN908947.3",11287,"11287-GTCTGGTTTT-G","GTCTGGTTTT","G",49314,TRUE,15375,0.698667,123,69.8667,"Deletion",FALSE,"Nonsynonymous","NSP6","NSP6 S106K",106,"S","K"
"MN908947.3",11540,"11540-GTT-G","GTT","G",164,TRUE,2878,0.006254,0,0.6254,"Deletion",TRUE,"Nonsynonymous","NSP6","NSP6 F191Y",191,"F","Y"
"MN908947.3",11984,"11984-G-C","G","C",196,FALSE,51481,0.007692,4,0.7692,"None",FALSE,"Nonsynonymous","NSP7","NSP7 A48P",48,"A","P"
"MN908947.3",12092,"12092-G-C","G","C",743,FALSE,52865,0.008039,62,0.8039,"None",FALSE,"Nonsynonymous","NSP8","NSP8 A1P",1,"A","P"
"MN908947.3",12116,"12116-C-T","C","T",446,FALSE,38375,0.007088,0,0.7088,"None",FALSE,"Nonsynonymous","NSP8","NSP8 L9F",9,"L","F"
"MN908947.3",12133,"12133-T-C","T","C",2361,FALSE,46146,0.012114,1,1.2114,"None",FALSE,"Synonymous","NSP8","NSP8 T12133C",NA,NA,NA
"MN908947.3",12507,"12507-A-G","A","G",267,FALSE,4872,0.009852,0,0.9852,"None",FALSE,"Nonsynonymous","NSP8","NSP8 K139R",139,"K","R"
"MN908947.3",12552,"12552-G-T","G","T",120,FALSE,4158,0.011544,0,1.1544,"None",FALSE,"Nonsynonymous","NSP8","NSP8 W154L",154,"W","L"
"MN908947.3",12778,"12778-C-T","C","T",49314,FALSE,25212,0.813383,4,81.3383,"None",FALSE,"Synonymous","NSP9","NSP9 C12778T",NA,NA,NA
"MN908947.3",12891,"12891-T-TG","T","TG",1457,TRUE,23868,0.006662,10,0.6662,"Insertion",TRUE,"Nonsynonymous","NSP9","NSP9 E70G",70,"E","G"
"MN908947.3",13027,"13027-T-C","T","C",463,FALSE,18224,0.014212,7,1.4212,"None",FALSE,"Synonymous","NSP10","NSP10 T13027C",NA,NA,NA
"MN908947.3",13165,"13165-A-T","A","T",4614,FALSE,141484,0.009803,10,0.9803,"None",FALSE,"Synonymous","NSP10","NSP10 A13165T",NA,NA,NA
"MN908947.3",13542,"13542-T-C","T","C",146,FALSE,2422,0.017754,0,1.7754,"None",FALSE,"Synonymous","NSP12","NSP12 T13542C",NA,NA,NA
"MN908947.3",13558,"13558-G-T","G","T",261,FALSE,2885,0.015945,1,1.5945,"None",FALSE,"Synonymous","NSP12","NSP12 G13558T",NA,NA,NA
"MN908947.3",13803,"13803-A-G","A","G",569,FALSE,5815,0.013586,22,1.3586,"None",FALSE,"Nonsynonymous","NSP12","NSP12 K121R",121,"K","R"
"MN908947.3",13860,"13860-C-T","C","T",49314,FALSE,6544,0.92176,14,92.176,"None",FALSE,"Nonsynonymous","NSP12","NSP12 D140V",140,"D","V"
"MN908947.3",14051,"14051-T-C","T","C",243,FALSE,5460,0.012088,11,1.2088,"None",FALSE,"Nonsynonymous","NSP12","NSP12 V204L",204,"V","L"
"MN908947.3",14131,"14131-G-GT","G","GT",1022,TRUE,6122,0.012904,4,1.2904,"Insertion",TRUE,"Nonsynonymous","NSP12","NSP12 V231C",231,"V","C"
"MN908947.3",14145,"14145-T-C","T","C",195,FALSE,5997,0.01234,0,1.234,"None",FALSE,"Nonsynonymous","NSP12","NSP12 D235A",235,"D","A"
"MN908947.3",14337,"14337-T-C","T","C",1288,FALSE,27412,0.010871,74,1.0871,"None",FALSE,"Nonsynonymous","NSP12","NSP12 V299A",299,"V","A"
"MN908947.3",14341,"14341-TG-T","TG","T",1748,TRUE,27063,0.006836,13,0.6836,"Deletion",TRUE,"Nonsynonymous","NSP12","NSP12 C301V",301,"C","V"
"MN908947.3",14408,"14408-C-T","C","T",49314,FALSE,33277,0.996995,27,99.6995,"None",FALSE,"Nonsynonymous","NSP12","NSP12 P323S",323,"P","S"
"MN908947.3",14418,"14418-T-TG","T","TG",2771,TRUE,31245,0.008705,7,0.8705,"Insertion",TRUE,"Nonsynonymous","NSP12","NSP12 F326L",326,"F","L"
"MN908947.3",14431,"14431-AG-A","AG","A",1516,TRUE,31599,0.006171,4,0.6171,"Deletion",TRUE,"Nonsynonymous","NSP12","NSP12 R331E",331,"R","E"
"MN908947.3",14433,"14433-A-G","A","G",400,FALSE,31437,0.006616,2,0.6616,"None",FALSE,"Synonymous","NSP12","NSP12 A14433G",NA,NA,NA
"MN908947.3",14451,"14451-TG-T","TG","T",1940,TRUE,33339,0.006809,7,0.6809,"Deletion",TRUE,"Nonsynonymous","NSP12","NSP12 V338F",338,"V","F"
"MN908947.3",14452,"14452-G-T","G","T",754,FALSE,33360,0.008183,6,0.8183,"None",FALSE,"Synonymous","NSP12","NSP12 G14452T",NA,NA,NA
"MN908947.3",14676,"14676-C-T","C","T",7277,FALSE,5222,0.089429,6,8.9429,"None",FALSE,"Nonsynonymous","NSP12","NSP12 P412L",412,"P","L"
"MN908947.3",14708,"14708-C-T","C","T",246,FALSE,5579,0.015056,0,1.5056,"None",FALSE,"Nonsynonymous","NSP12","NSP12 A423S",423,"A","S"
"MN908947.3",14746,"14746-G-T","G","T",282,FALSE,5434,0.013066,0,1.3066,"None",FALSE,"Synonymous","NSP12","NSP12 G14746T",NA,NA,NA
"MN908947.3",14892,"14892-TG-T","TG","T",201,TRUE,2900,0.008276,2,0.8276,"Deletion",TRUE,"Nonsynonymous","NSP12","NSP12 D484E",484,"D","E"
"MN908947.3",15195,"15195-T-C","T","C",913,FALSE,7010,0.022254,4,2.2254,"None",FALSE,"Synonymous","NSP12","NSP12 T15195C",NA,NA,NA
"MN908947.3",15252,"15252-TG-T","TG","T",699,TRUE,13883,0.007995,7,0.7995,"Deletion",TRUE,"Nonsynonymous","NSP12","NSP12 V605F",605,"V","F"
"MN908947.3",15279,"15279-C-T","C","T",23146,FALSE,17988,0.088948,9,8.8948,"None",FALSE,"Nonsynonymous","NSP12","NSP12 H613L",613,"H","L"
"MN908947.3",15308,"15308-A-T","A","T",701,FALSE,13701,0.010218,6,1.0218,"None",FALSE,"Nonsynonymous","NSP12","NSP12 D623Y",623,"D","Y"
"MN908947.3",15346,"15346-C-T","C","T",582,FALSE,14902,0.009663,0,0.9663,"None",FALSE,"Synonymous","NSP12","NSP12 C15346T",NA,NA,NA
"MN908947.3",15728,"15728-TTG-T","TTG","T",679,TRUE,21520,0.004926,4,0.4926,"Deletion",TRUE,"Nonsynonymous","NSP12","NSP12 V763G",763,"V","G"
"MN908947.3",15958,"15958-GC-G","GC","G",286,TRUE,5558,0.007737,2,0.7737,"Deletion",TRUE,"Nonsynonymous","NSP12","NSP12 A840P",840,"A","P"
"MN908947.3",15962,"15962-G-A","G","A",178,FALSE,5552,0.010807,0,1.0807,"None",FALSE,"Nonsynonymous","NSP12","NSP12 G841S",841,"G","S"
"MN908947.3",15971,"15971-T-C","T","C",704,FALSE,6013,0.015965,3,1.5965,"None",FALSE,"Nonsynonymous","NSP12","NSP12 V844L",844,"V","L"
"MN908947.3",15982,"15982-G-T","G","T",257,FALSE,6226,0.010601,1,1.0601,"None",FALSE,"Synonymous","NSP12","NSP12 G15982T",NA,NA,NA
"MN908947.3",16176,"16176-T-C","T","C",7005,FALSE,2536,0.143927,14,14.3927,"None",FALSE,"Synonymous","NSP12","NSP12 T16176C",NA,NA,NA
"MN908947.3",16778,"16778-T-C","T","C",285,FALSE,993,0.029204,1,2.9204,"None",FALSE,"Nonsynonymous","NSP13","NSP13 V181A",181,"V","A"
"MN908947.3",16915,"16915-C-T","C","T",5385,FALSE,4653,0.077584,1,7.7584,"None",FALSE,"Synonymous","NSP13","NSP13 C16915T",NA,NA,NA
"MN908947.3",16975,"16975-G-GT","G","GT",360,TRUE,5797,0.00759,0,0.759,"Insertion",TRUE,"Nonsynonymous","NSP13","NSP13 R248*",248,"R","*"
"MN908947.3",17060,"17060-A-AG","A","AG",103,TRUE,9320,0.0147,173,1.47,"Insertion",TRUE,"Nonsynonymous","NSP13","NSP13 Y277V",277,"Y","V"
"MN908947.3",17206,"17206-T-A","T","A",470,FALSE,37488,0.006482,31,0.6482,"None",FALSE,"Nonsynonymous","NSP13","NSP13 Y324N",324,"Y","N"
"MN908947.3",17259,"17259-G-T","G","T",49314,FALSE,35056,0.931281,8,93.1281,"None",FALSE,"Nonsynonymous","NSP13","NSP13 E341D",341,"E","D"
"MN908947.3",17345,"17345-T-C","T","C",172,FALSE,43332,0.004939,2,0.4939,"None",FALSE,"Nonsynonymous","NSP13","NSP13 I370T",370,"I","T"
"MN908947.3",17391,"17391-TG-T","TG","T",1643,TRUE,32511,0.006367,5,0.6367,"Deletion",TRUE,"Nonsynonymous","NSP13","NSP13 V386L",386,"V","L"
"MN908947.3",17557,"17557-T-C","T","C",163,FALSE,6539,0.009023,0,0.9023,"None",FALSE,"Nonsynonymous","NSP13","NSP13 C441R",441,"C","R"
"MN908947.3",17615,"17615-A-G","A","G",10627,FALSE,6766,0.091487,2,9.1487,"None",FALSE,"Nonsynonymous","NSP13","NSP13 K460R",460,"K","R"
"MN908947.3",17669,"17669-GT-G","GT","G",1220,TRUE,9646,0.011507,1,1.1507,"Deletion",TRUE,"Nonsynonymous","NSP13","NSP13 V479L",479,"V","L"
"MN908947.3",17684,"17684-A-T","A","T",311,FALSE,7676,0.011204,2,1.1204,"None",FALSE,"Nonsynonymous","NSP13","NSP13 D483V",483,"D","V"
"MN908947.3",17833,"17833-G-GT","G","GT",71,TRUE,1073,0.007456,3,0.7456,"Insertion",TRUE,"Nonsynonymous","NSP13","NSP13 D534*",534,"D","*"
"MN908947.3",17893,"17893-GCT-G","GCT","G",148,TRUE,1054,0.010436,0,1.0436,"Deletion",TRUE,"Nonsynonymous","NSP13","NSP13 H554L",554,"H","L"
"MN908947.3",18478,"18478-A-T","A","T",505,FALSE,2132,0.023452,4,2.3452,"None",FALSE,"Nonsynonymous","NSP14","NSP14 K147*",147,"K","*"
"MN908947.3",18550,"18550-A-G","A","G",2438,FALSE,1707,0.090217,7,9.0217,"None",FALSE,"Nonsynonymous","NSP14","NSP14 S171G",171,"S","G"
"MN908947.3",18558,"18558-A-G","A","G",214,FALSE,1891,0.02221,6,2.221,"None",FALSE,"Synonymous","NSP14","NSP14 A18558G",NA,NA,NA
"MN908947.3",18636,"18636-GAA-G","GAA","G",405,TRUE,12633,0.006174,24,0.6174,"Deletion",TRUE,"Nonsynonymous","NSP14","NSP14 K200N",200,"K","N"
"MN908947.3",18831,"18831-T-C","T","C",280,FALSE,25701,0.007743,2,0.7743,"None",FALSE,"Synonymous","NSP14","NSP14 T18831C",NA,NA,NA
"MN908947.3",18906,"18906-T-C","T","C",589,FALSE,16174,0.010078,3,1.0078,"None",FALSE,"Synonymous","NSP14","NSP14 T18906C",NA,NA,NA
"MN908947.3",19164,"19164-C-T","C","T",156,FALSE,190,0.068421,6,6.8421,"None",FALSE,"Synonymous","NSP14","NSP14 C19164T",NA,NA,NA
"MN908947.3",21614,"21614-C-T","C","T",2047,FALSE,70,0.957143,2,95.7143,"None",FALSE,"Nonsynonymous","S","S L18F",18,"L","F"
"MN908947.3",21621,"21621-C-A","C","A",2258,FALSE,90,0.955556,0,95.5556,"None",FALSE,"Nonsynonymous","S","S T20N",20,"T","N"
"MN908947.3",21638,"21638-C-T","C","T",4773,FALSE,156,0.955128,0,95.5128,"None",FALSE,"Nonsynonymous","S","S P26S",26,"P","S"
"MN908947.3",21764,"21764-ATACATG-A","ATACATG","A",203,TRUE,183,0.071038,5,7.1038,"Deletion",FALSE,"Nonsynonymous","S","S H69S",69,"H","S"
"MN908947.3",21974,"21974-G-T","G","T",2565,FALSE,81,0.925926,0,92.5926,"None",FALSE,"Nonsynonymous","S","S D138Y",138,"D","Y"
"MN908947.3",21990,"21990-TTTA-T","TTTA","T",123,TRUE,80,0.0625,0,6.25,"Deletion",FALSE,"Nonsynonymous","S","S Y145H",145,"Y","H"
"MN908947.3",22132,"22132-G-T","G","T",306,FALSE,42,0.357143,3,35.7143,"None",FALSE,"Nonsynonymous","S","S R190S",190,"R","S"
"MN908947.3",22486,"22486-AG-A","AG","A",81,TRUE,512,0.011719,1,1.1719,"Deletion",TRUE,"Nonsynonymous","S","S E309K",309,"E","K"
"MN908947.3",22487,"22487-GA-G","GA","G",62,TRUE,511,0.009785,0,0.9785,"Deletion",TRUE,"Nonsynonymous","S","S G311E",311,"G","E"
"MN908947.3",22812,"22812-A-C","A","C",4967,FALSE,162,0.925926,0,92.5926,"None",FALSE,"Nonsynonymous","S","S K417T",417,"K","T"
"MN908947.3",23012,"23012-G-A","G","A",233,FALSE,21,0.380952,21,38.0952,"None",FALSE,"Nonsynonymous","S","S E484K",484,"E","K"
"MN908947.3",23063,"23063-A-T","A","T",377,FALSE,16,0.75,0,75,"None",FALSE,"Nonsynonymous","S","S N501Y",501,"N","Y"
"MN908947.3",23242,"23242-G-A","G","A",1278,FALSE,13671,0.017994,5,1.7994,"None",FALSE,"Synonymous","S","S G23242A",NA,NA,NA
"MN908947.3",23271,"23271-C-A","C","A",21883,FALSE,15621,0.08591,24,8.591,"None",FALSE,"Nonsynonymous","S","S A570D",570,"A","D"
"MN908947.3",23403,"23403-A-G","A","G",49314,FALSE,15175,0.997825,6,99.7825,"None",FALSE,"Nonsynonymous","S","S D614G",614,"D","G"
"MN908947.3",23405,"23405-G-GTT","G","GTT",93,TRUE,14826,0.003035,58,0.3035,"Insertion",TRUE,"Nonsynonymous","S","S N616L",616,"N","L"
"MN908947.3",23411,"23411-T-C","T","C",1692,FALSE,15430,0.019378,5,1.9378,"None",FALSE,"Nonsynonymous","S","S C617R",617,"C","R"
"MN908947.3",23465,"23465-G-T","G","T",134,FALSE,13512,0.005477,1,0.5477,"None",FALSE,"Nonsynonymous","S","S V635F",635,"V","F"
"MN908947.3",23505,"23505-G-GC","G","GC",235,TRUE,391,0.043478,4,4.3478,"Insertion",TRUE,"Nonsynonymous","S","S C649L",649,"C","L"
"MN908947.3",23525,"23525-C-T","C","T",6523,FALSE,243,0.851852,0,85.1852,"None",FALSE,"Nonsynonymous","S","S H655Y",655,"H","Y"
"MN908947.3",23604,"23604-C-A","C","A",449,FALSE,227,0.101322,0,10.1322,"None",FALSE,"Nonsynonymous","S","S P681H",681,"P","H"
"MN908947.3",23709,"23709-C-T","C","T",746,FALSE,224,0.160714,1,16.0714,"None",FALSE,"Nonsynonymous","S","S T716I",716,"T","I"
"MN908947.3",23921,"23921-CA-C","CA","C",307,TRUE,723,0.023513,1,2.3513,"Deletion",TRUE,"Nonsynonymous","S","S I788F",788,"I","F"
"MN908947.3",23974,"23974-AAT-A","AAT","A",109,TRUE,569,0.01406,8,1.406,"Deletion",TRUE,"Nonsynonymous","S","S L806T",806,"L","T"
"MN908947.3",24506,"24506-T-G","T","G",579,FALSE,248,0.120968,14,12.0968,"None",FALSE,"Nonsynonymous","S","S S982A",982,"S","A"
"MN908947.3",24642,"24642-C-T","C","T",8663,FALSE,311,0.877814,5,87.7814,"None",FALSE,"Nonsynonymous","S","S T1027I",1027,"T","I"
"MN908947.3",24769,"24769-T-C","T","C",262,FALSE,35420,0.006409,1,0.6409,"None",FALSE,"Synonymous","S","S T24769C",NA,NA,NA
"MN908947.3",24914,"24914-G-C","G","C",20997,FALSE,33033,0.055914,78,5.5914,"None",FALSE,"Nonsynonymous","S","S D1118H",1118,"D","H"
"MN908947.3",25088,"25088-G-T","G","T",49314,FALSE,5243,0.920084,0,92.0084,"None",FALSE,"Nonsynonymous","S","S V1176F",1176,"V","F"
"MN908947.3",25137,"25137-A-T","A","T",130,FALSE,3229,0.011768,1,1.1768,"None",FALSE,"Nonsynonymous","S","S N1192I",1192,"N","I"
"MN908947.3",25437,"25437-G-T","G","T",28456,FALSE,19478,0.087689,73,8.7689,"None",FALSE,"Nonsynonymous","ORF3a","ORF3a L15F",15,"L","F"
"MN908947.3",25496,"25496-T-C","T","C",217,FALSE,15121,0.008531,8,0.8531,"None",FALSE,"Nonsynonymous","ORF3a","ORF3a I35T",35,"I","T"
"MN908947.3",25533,"25533-T-C","T","C",352,FALSE,19338,0.007033,7,0.7033,"None",FALSE,"Synonymous","ORF3a","ORF3a T25533C",NA,NA,NA
"MN908947.3",26149,"26149-T-C","T","C",49314,FALSE,2545,0.946169,1,94.6169,"None",FALSE,"Nonsynonymous","ORF3a","ORF3a S253P",253,"S","P"
"MN908947.3",26475,"26475-G-A","G","A",78,FALSE,960,0.016667,4,1.6667,"None",FALSE,"Noncoding","None","Noncoding G26475A",NA,NA,NA
"MN908947.3",26526,"26526-G-A","G","A",19365,FALSE,669,0.884903,14,88.4903,"None",FALSE,"Nonsynonymous","M","M A2T",2,"A","T"
"MN908947.3",26787,"26787-G-A","G","A",16044,FALSE,1646,0.380316,0,38.0316,"None",FALSE,"Nonsynonymous","M","M G89S",89,"G","S"
"MN908947.3",26948,"26948-T-C","T","C",1980,FALSE,33549,0.013473,0,1.3473,"None",FALSE,"Synonymous","M","M T26948C",NA,NA,NA
"MN908947.3",26958,"26958-C-T","C","T",1992,FALSE,31912,0.013349,4,1.3349,"None",FALSE,"Nonsynonymous","M","M R146C",146,"R","C"
"MN908947.3",27062,"27062-A-G","A","G",1411,FALSE,35622,0.015243,3,1.5243,"None",FALSE,"Synonymous","M","M A27062G",NA,NA,NA
"MN908947.3",27297,"27297-C-T","C","T",15137,FALSE,12634,0.076619,81,7.6619,"None",FALSE,"Synonymous","ORF6","ORF6 C27297T",NA,NA,NA
"MN908947.3",27336,"27336-T-A","T","A",119,FALSE,10560,0.006723,1,0.6723,"None",FALSE,"Synonymous","ORF6","ORF6 T27336A",NA,NA,NA
"MN908947.3",27412,"27412-T-C","T","C",512,FALSE,14625,0.008068,5,0.8068,"None",FALSE,"Synonymous","ORF7a","ORF7a T27412C",NA,NA,NA
"MN908947.3",27443,"27443-T-C","T","C",840,FALSE,13922,0.010918,1,1.0918,"None",FALSE,"Nonsynonymous","ORF7a","ORF7a L17P",17,"L","P"
"MN908947.3",27502,"27502-T-C","T","C",153,FALSE,5010,0.01018,2,1.018,"None",FALSE,"Nonsynonymous","ORF7a","ORF7a S37P",37,"S","P"
"MN908947.3",28111,"28111-A-G","A","G",46178,FALSE,10132,0.207264,28,20.7264,"None",FALSE,"Nonsynonymous","ORF8","ORF8 Y73C",73,"Y","C"
"MN908947.3",28198,"28198-GT-G","GT","G",423,TRUE,21863,0.00741,9,0.741,"Deletion",TRUE,"Nonsynonymous","ORF8","ORF8 S103R",103,"S","R"
"MN908947.3",28198,"28198-G-T","G","T",276,FALSE,21984,0.009734,5,0.9734,"None",FALSE,"Nonsynonymous","ORF8","ORF8 C102F",102,"C","F"
"MN908947.3",28262,"28262-G-GAACA","G","GAACA",49314,TRUE,20137,0.714853,150,71.4853,"Insertion",NA,"Noncoding","None","Noncoding G28262GAACA",NA,NA,NA
"MN908947.3",28270,"28270-TA-T","TA","T",23072,TRUE,19582,0.135584,70,13.5584,"Deletion",NA,"Noncoding","None","Noncoding TA28270T",NA,NA,NA
"MN908947.3",28280,"28280-G-C","G","C",45169,FALSE,19121,0.222321,1738,22.2321,"None",FALSE,"Nonsynonymous","N","N D3H",3,"D","H"
"MN908947.3",28281,"28281-A-T","A","T",44487,FALSE,19172,0.22199,1707,22.199,"None",FALSE,"Nonsynonymous","N","N D3V",3,"D","V"
"MN908947.3",28282,"28282-T-A","T","A",45245,FALSE,19041,0.22294,1775,22.294,"None",FALSE,"Nonsynonymous","N","N D3E",3,"D","E"
"MN908947.3",28512,"28512-C-G","C","G",33187,FALSE,1214,0.88056,3,88.056,"None",FALSE,"Nonsynonymous","N","N P80R",80,"P","R"
"MN908947.3",28877,"28877-A-T","A","T",3932,FALSE,281,0.879004,0,87.9004,"None",FALSE,"Nonsynonymous","N","N S202C",202,"S","C"
"MN908947.3",28878,"28878-G-C","G","C",3857,FALSE,282,0.879433,0,87.9433,"None",FALSE,"Nonsynonymous","N","N S202T",202,"S","T"
"MN908947.3",28881,"28881-G-A","G","A",4394,FALSE,289,0.972318,3,97.2318,"None",FALSE,"Nonsynonymous","N","N R203K",203,"R","K"
"MN908947.3",28882,"28882-G-A","G","A",4490,FALSE,284,0.975352,3,97.5352,"None",FALSE,"Synonymous","N","N G28882A",NA,NA,NA
"MN908947.3",28883,"28883-G-C","G","C",4787,FALSE,288,0.979167,3,97.9167,"None",FALSE,"Nonsynonymous","N","N G204R",204,"G","R"
"MN908947.3",28977,"28977-C-T","C","T",572,FALSE,265,0.135849,2,13.5849,"None",FALSE,"Nonsynonymous","N","N S235F",235,"S","F"
"MN908947.3",28993,"28993-A-G","A","G",228,FALSE,195,0.133333,8,13.3333,"None",FALSE,"Synonymous","N","N A28993G",NA,NA,NA
"MN908947.3",29160,"29160-C-CA","C","CA",541,TRUE,11505,0.006084,346,0.6084,"Insertion",TRUE,"Nonsynonymous","N","N D297*",297,"D","*"
"MN908947.3",29275,"29275-AG-A","AG","A",426,TRUE,10658,0.005348,8,0.5348,"Deletion",TRUE,"Nonsynonymous","N","N G335V",335,"G","V"
"MN908947.3",29371,"29371-A-C","A","C",358,FALSE,64,0.734375,7,73.4375,"None",FALSE,"Synonymous","N","N A29371C",NA,NA,NA
